{"cameraMode":{"drawMode":0,"name":"Shaded","section":"Shading Mode"},"sceneLighting":true,"audioPlay":false,"sceneViewState":{"showFog":false,"showMaterialUpdate":false,"showSkybox":false,"showFlares":false,"showImageEffects":false,"showParticleSystems":true},"in2DMode":false,"pivot":{"x":3.633479595184326,"y":-0.6585427522659302,"z":2.0945892333984377},"rotation":{"x":0.21456706523895265,"y":-0.02344413846731186,"z":0.005148915573954582,"w":0.9764249920845032},"size":18.691097259521486,"orthographic":false}