{"cameraMode":{"drawMode":0,"name":"Shaded","section":"Shading Mode"},"sceneLighting":true,"audioPlay":false,"sceneViewState":{"showFog":false,"showMaterialUpdate":false,"showSkybox":false,"showFlares":false,"showImageEffects":false,"showParticleSystems":true},"in2DMode":false,"pivot":{"x":10.945255279541016,"y":-11.142960548400879,"z":9.509900093078614},"rotation":{"x":0.14989247918128968,"y":-0.4693898856639862,"z":0.08120348304510117,"w":0.8663935661315918},"size":31.58043670654297,"orthographic":false}